Country,TIME,GDEXPRD,OVERALL,PREVENTION,1.1) Antimicrobial resistance (AMR),"1.1.1) AMR surveillance, detection and reporting",1.1.1a) National plan for AMR priority pathogens,1.1.1b) Capacity of national lab/lab system to test for AMR priority pathogens,1.1.1c) National environmental surveillance for AMR residues/organisms,1.1.2) Antimicrobial control,1.1.2a) National law(s) requiring prescription for antibiotic use (humans),1.1.2b) National law(s) requiring prescription for antibiotic use (animals),1.2) Zoonotic disease,1.2.1) National planning for zoonotic diseases/pathogens,1.2.1a) Laws/plans on zoonotic disease,1.2.1b) Laws/plans on zoonotic disease spillover from animals to humans,1.2.1c) Laws/plans for surveillance & control of multiple zoonotic pathogens,1.2.1d) Cross-ministerial department/agency/unit for zoonotic disease,1.2.2) Surveillance systems for zoonotic diseases/pathogens,1.2.2a) Surveillance/reporting mechanism for zoonotic disease for livestock owners,1.2.2b) Laws/regulations on data confidentiality to protect livestock owners,1.2.2c) Wildlife zoonotic disease surveillance,1.2.3) International reporting of animal disease outbreaks,1.2.3a) Annual reporting to OIE on zoonotic disease incidence,1.2.4) Animal health workforce,"1.2.4a) Number of veterinarians per 100,000 people","1.2.4b) Number of veterinary para-professionals per 100,000 people",1.2.5) Private sector and zoonotic disease,1.2.5a) Inclusion of private sector in national plan/law on zoonotic disease,1.3) Biosecurity,1.3.1) Whole-of-government biosecurity systems,1.3.1a) Updated national records of especially dangerous pathogen/toxin inventories,1.3.1b) Biosecurity laws on facility security for especially dangerous pathogens,1.3.1c) Agency for enforcement of biosecurity laws/regulations,1.3.1d) Consolidation of especially dangerous pathogens into minimum # of facilities,1.3.1e) Capacity to conduct tests for anthrax/Ebola without culturing live pathogens,1.3.2) Biosecurity training and practices,"1.3.2a) Biosecurity training using a standardised, required approach",1.3.3) Personnel vetting: regulating access to sensitive locations,1.3.3a) Personnel checks for permission to access to especially dangerous pathogens,1.3.4) Transportation security,1.3.4a) National transport regulations for Category A and B infectious substances,1.3.5) Cross-border transfer and end-user screening,1.3.5a) Laws/regulations on cross-border transfer and end-user screening,1.4) Biosafety,1.4.1) Whole-of-government biosafety systems,1.4.1a) Biosafety laws/regulations,1.4.1b) Agency for enforcement of biosafety laws/regulations,1.4.2) Biosafety training and practices,"1.4.2a) Biosafety training using a standardised, required approach",1.5) Dual-use research and culture of responsible science,1.5.1) Oversight of dual-use research,1.5.1a) Evidence of national assessment of dual-use research,1.5.1b) National law/regulation on oversight of dual-use research,1.5.1c) Existence of agency responsible for oversight of dual-use research,1.5.2) Screening requirements for providers of genetic material,1.5.2a) Requirement to screen synthesised DNA against list prior to sale,1.6) Immunization,1.6.1) Vaccination rates,1.6.1a) Immunization rate for humans (measles/MCV2),1.6.1b) Availability of vaccination figures for livestock (FMD) through OIE database,EARLY,2.1) Laboratory systems strength and quality,2.1.1) Lab capacity for detecting priority diseases,2.1.1a) Capacity of national lab system to conduct 5 or more WHO core tests,2.1.1b) Plan to conduct testing during a public health emergency,2.1.2) Laboratory quality systems,2.1.2a) Existence of an accredited national lab serving as a reference facility,2.1.2b) External quality assurance of a national lab serving as a reference facility,2.2) Laboratory supply chains,2.2.1) Specimen referral and transport system,2.2.1a) Is there a nationwide specimen transport system?,2.2.2) Laboratory cooperation and coordination,2.2.2a) Plan to rapidly authorize/license laboratories to scale-up testing during an outbreak,2.3) Real-time surveillance and reporting,2.3.1) Indicator and event-based surveillance and reporting systems,2.3.1a) Evidence of ongoing event-based surveillance and analysis,2.3.1b) Evidence of reporting a potential PHEIC to the WHO (last 2 years),"2.3.2) Interoperable, interconnected, electronic real-time reporting systems",2.3.2a) Electronic national and sub-national reporting surveillance system,2.3.2b) Collection of ongoing/real-time lab data by electronic surveillance system,2.4) Surveillance data accessibility and transparency,2.4.1) Coverage and use of electronic health records,2.4.1a) Common usage of electronic health records,2.4.1b) Public health system access to individual electronic health records ,2.4.1c) Existence of data standards for health record data comparability,"2.4.2) Data integration between human, animal and environmental health sectors",2.4.2a) Data sharing mechanisms,2.4.3) Transparency of surveillance data,2.4.3a) Availability of de-identified health surveillance data on disease outbreaks,2.4.4) Ethical considerations during surveillance,2.4.4a) Confidentiality legislation/regulations for identifiable health information,2.4.4b) Inclusion of cyber protections in health data confidentiality law/regulation,2.4.5) International data sharing,2.4.5a) Cooperative commitments or agreements within regions,2.5) Case-based investigation,2.5.1) Case investigation and contact tracing,2.5.1a) National support to conduct contact tracing in the event of a public health emergency,2.5.1b) Provision of wraparound services to enable self-isolation/quarantine as recommended,2.5.2) Point of entry management,2.5.2a) Strategy for tracing and quarantining international travelers,2.6) Epidemiology workforce,2.6.1) Existence of applied epidemiology training program such FETP and FETPV,2.6.1a) Access to field epidemiology training program in country and/or abroad,2.6.1b) Existence of field epidemiology training for animal health professionals,2.6.2) Epidemiology workforce capacity,"2.6.2a) Evidence of at least 1 trained field epidemiologist per 200,000 people",RAPID,3.1) Emergency preparedness and response planning,3.1.1) National public health emergency preparedness and response plan,3.1.1a) National emergency response plan for diseases with pandemic potential,3.1.1b) National public health emergency response plan updated in past 3 years,3.1.1c) Vulnerable populations in national public health emergency response plan,3.1.1d) Existence of public pandemic influenza preparedness plan updated since 2009,3.1.2) Private sector involvement in response planning,3.1.2a) Mechanism to engage private sector in outbreak preparedness/response,3.1.3) Non-pharmaceutical interventions planning,3.1.3a) Policy/plan/guidelines in place to implement non-pharmaceutical interventions (NPIs),3.2) Exercising response plans,3.2.1) Activating response plans,3.2.1a) Completion of biological-focused IHR exercise with the WHO in past year,3.2.1b) Evidence of bio-focused exercise to identify gaps/best practices,3.2.2) Private sector engagement in exercises,3.2.2a) Evidence of national-level biological threat-focused exercise that includes private sector,3.3) Emergency response operation,3.3.1) Emergency response operation,3.3.1a) Existence of Emergency Operations Center (EOC),3.3.1b) Requirement for EOC to conduct/evidence EOC conducts at least annual drills,3.3.1c) EOC activation within 120 minutes of identification of emergency/scenario,3.4) Linking public health and security authorities,3.4.1) Public health and security authorities linked for a biological event,3.4.1a) Joint exercise/procedures for potential deliberate biological events,3.5) Risk communication,3.5.1) Risk communication planning,3.5.1a) Risk communication plan for specific use during a public health emergency,3.5.1b) Inclusion of different population & sector needs in risk communication plan,3.5.1c) Designation of a specific government spokesperson during a public health emergency,3.5.2) Public health systems communication,3.5.2a) Government use of media platforms to share info on public health emergencies,3.5.2b) Evidence that senior leaders have shared mis/disinformation on infectious diseases,3.6) Access to communications infrastructure,3.6.1) Internet users,3.6.1a) Percentage of households with Internet,3.6.2) Mobile subscribers,3.6.2a) Mobile-cellular telephone subscriptions per 100 inhabitants,3.6.3) Female access to a mobile phone,3.6.3a) Gender gap in access to a mobile phone (percentage points),3.6.4) Female access to the Internet,3.6.4a) Gender gap in access to the Internet (percentage points),3.7) Trade and travel restrictions,3.7.1) Trade restrictions,3.7.1a) Restrictions on export/import of medical goods due to an infectious disease outbreak,3.7.1b) Restrictions on movement and/or exports/imports due to disease outbreak,3.7.2) Travel restrictions,3.7.2a) Evidence of travel ban due to an infectious disease outbreak,SUFFICIENT,"4.1) Health capacity in clinics, hospitals and community care centers",4.1.1) Available human resources for the broader healthcare system,"4.1.1a) Doctors per 100,000 people","4.1.1b) Nurses and midwives per 100,000 people",4.1.1c) Updated health workforce strategy to address human resource shortfalls,4.1.2) Facilities capacity,"4.1.2a) Hospital beds per 100,000 people",4.1.2b) In-country capacity to isolate patients with highly communicable diseases,4.1.2c) Demonstrated capacity / evidence of plan to expand isolation capacity,4.2) Supply chain for health system and healthcare workers,4.2.1) Routine health care and laboratory system supply,4.2.1a) National procurement protocol for the acquisition of routine laboratory/medical supplies,4.2.2) Stockpiling for emergencies,4.2.2a) Stockpile of medical supplies for national use during a public health emergency,4.2.2b) Stockpile of laboratory supplies for national use during a public health emergency,4.2.2c) Annual review of national stockpile to ensure sufficient supply,4.2.3) Manufacturing and procurement for emergencies,4.2.3a) Plan/agreement to produce/procure medical supplies during a public health emergency,4.2.3b) Plan/agreement to produce/procure lab supplies during a public health emergency,4.3) Medical countermeasures and personnel deployment,4.3.1) System for dispensing MCMs during a public health emergency,4.3.1a) Plan/program/guidelines for dispensing MCMs during a public health emergency,4.3.2) System for receiving foreign health personnel during a public health emergency,4.3.2a) Plan to receive foreign health personnel during a public health emergency,4.4) Healthcare access,4.4.1) Access to healthcare,4.4.1a) Constitutional guarantee of citizens’ right to medical care,4.4.1b) Access to skilled birth attendants (% of population),"4.4.1c) Out-of-pocket health expenditures per capita, PPP (current international $)",4.4.2) Paid medical leave,4.4.2a) Guaranteed paid sick leave,4.4.3) Healthcare worker access to healthcare,4.4.3a) Government prioritisation of care for healthcare workers during response,4.5) Communications with healthcare workers during a public health emergency,4.5.1) Communication with healthcare workers,4.5.1a) Existence of system for communication during a public health emergency ,4.5.1b) Inclusion of public and private sector in healthcare communication system ,4.6) Infection control practices,4.6.1) Healthcare-associated infection (HCAI) monitoring,4.6.1a) Evidence of national public health system monitoring and tracking of HCAIs,4.7) Capacity to test and approve new medical countermeasures,4.7.1) Regulatory process for clinical trials of unregistered interventions,4.7.1a) Requirement for ethical review before beginning a clinical trial,4.7.1b) Expedited approval for clinical trials of unregistered MCMs during epidemics ,4.7.2) Regulatory process for approving medical countermeasures,4.7.2a) Existence of agency responsible for approving new human MCMs,4.7.2b) Expedited approval for human MCMs during public health emergencies ,COMMITMENTS,5.1) IHR reporting compliance and disaster risk reduction,5.1.1) Official IHR reporting,5.1.1a) Submission of IHR reports to the WHO in past year,5.1.2) Integration of health into disaster risk reduction,5.1.2a) Existence of specific risk reduction strategies for epidemics and pandemics,5.2) Cross-border agreements on public health and animal health emergency response,5.2.1) Cross-border agreements,5.2.1a) Existence of public health emergency agreements with regional neighbors,5.2.1b) Existence of animal health emergency agreements with regional neighbors ,5.3) International commitments,5.3.1) Participation in international agreements,5.3.1a) Biological and Toxin Weapons Convention status,5.3.1b) Submission of CBMs to the Biological and Toxin Weapons Convention,5.3.1c) Submission of UNSCR 1540 reports,5.3.1d) Extent of UNSCR 1540 implementation on public health emergencies,5.3.2) Voluntary memberships,5.3.2a) Membership in global health security and/or biological weapons agreements,5.4) JEE and PVS,5.4.1) Completion and publication of a JEE assessment and gap analysis,5.4.1a) Completion and publication of JEE (or GHSA pilot external assessment) report,5.4.1b) Completion and publication of a NAPHS or GHSA roadmap,5.4.2) Completion and publication of a PVS assessment and gap analysis,5.4.2a) Completion and publication of PVS report (past five years),5.4.2b) Completion and publication of PVS gap analysis (past five years),5.5) Financing,5.5.1) National financing for epidemic preparedness ,5.5.1a) Evidence of allocated national funds to improve capacity to address epidemic threats,5.5.2) Financing under JEE and PVS reports and gap analyses,"5.5.2a) National budget to address gaps identified in JEE, NAPHS or GHSA roadmap",5.5.2b) National budget to address gaps identified in PVS assessment or gap analysis,5.5.3) Financing for emergency response,5.5.3a) Emergency public financing during a public health emergency,5.5.4) Accountability for international commitments to address epidemic threats,5.5.4a) Commitments to improve domestic or foreign capacity for epidemic threats,5.5.4b) Investments to improve domestic or foreign capacity for epidemic threats ,5.5.4c) Evidence that the country has fulfilled its full WHO contribution within the past two years,5.6) Commitment to sharing of genetic & biological data & specimens,5.6.1) Commitment to share data and specimens in emergency/non-emergency research,5.6.1a) Sharing of genetic/biological data and materials beyond influenza,5.6.1b) Evidence of non-compliance with sample sharing element of PIP framework,5.6.1c) Evidence of non-sharing of pandemic pathogen samples during an outbreak,6) OVERALL RISK ENVIRONMENT AND COUNTRY VULNERABILITY TO BIOLOGICAL THREATS,6.1) Political and security risk,6.1.1) Government effectiveness,6.1.1a) Policy formation,6.1.1b) Quality of bureaucracy,6.1.1c) Excessive bureaucracy/red tape,6.1.1d) Vested interests/cronyism,6.1.1e) Corruption,6.1.1f) Accountability of public officials,6.1.1g) Human rights risk,6.1.2) Orderly transfers of power,6.1.2a) Orderly transfers of power,6.1.3) Risk of social unrest,6.1.3a) Risk of social unrest,6.1.4) Illicit activities by non-state actors,6.1.4a) Risk of terrorism,6.1.4b) Level of illicit arms flows within the country,6.1.4c) Risk of organized criminal activity,6.1.5) Armed conflict,6.1.5a) Presence or risk of armed conflict,6.1.6) Government territorial control,6.1.6a) Government territorial control,6.1.7) International tensions,6.1.7a) International tensions,6.2) Socio-economic resilience,6.2.1) Literacy,"6.2.1a) Adult literacy rate (15+ years old, both sexes)",6.2.2) Gender equality,6.2.2a) UNDP Gender Inequality Index score,6.2.3) Social inclusion,6.2.3a) Poverty gap at $1.90 a day (2011 PPP) (%),6.2.3b) Share of employment in the informal sector,6.2.3c) Coverage of social insurance programs (% of population),6.2.4) Public confidence in government,6.2.4a) Public confidence in government,6.2.5) Local media and reporting,"6.2.5a) Robust, open, diverse local media and reporting",6.2.6) Inequality,6.2.6a) Gini coefficient,6.3) Infrastructure adequacy,6.3.1) Adequacy of road network,6.3.1a) Adequacy of road network,6.3.2) Adequacy of airports,6.3.2a) Adequacy of airports,6.3.3) Adequacy of power network,6.3.3a) Adequacy of power network,6.4) Environmental risks,6.4.1) Urbanisation,6.4.1a) Urban population (% of total population),6.4.2) Land use,6.4.2a) Change in forest area (percentage points),6.4.3) Natural disaster risk,6.4.3a) Natural disaster risk,6.5) Public health vulnerabilities,6.5.1) Access to quality healthcare,6.5.1a) Total life expectancy (years),6.5.1b) NCD mortality rate,6.5.1c) Population aged 65+,6.5.1d) Tobacco use (% of adults),6.5.1e) Level of adult obesity (%),6.5.2) Access to potable water and sanitation,6.5.2a) Access to potable water,6.5.2b) Access to at least basic sanitation facilities,6.5.3) Public healthcare spending levels per capita,6.5.3a) Domestic general government health expenditure per capita (PPP),6.5.4) Trust in medical and health advice,6.5.4a) Trust medical and health advice from the government ,6.5.4b) Trust medical and health advice from medical workers 
Australia,2019,1.798561333,73.2,68.5,100,100,100,100,100,100,100,100,73.5,50,100,0,100,0,100,100,100,100,100,100,17.7,24.5,10.9,100,100,62.7,80,100,100,100,0,100,0,0,33.3,33.3,100,100,100,100,50,100,100,100,0,0,50,100,100,100,100,0,0,75,75,50,100,79.6,87.5,75,100,50,100,100,100,50,100,100,0,0,100,100,100,100,100,100,100,90,50,50,100,0,100,100,100,100,100,100,100,100,100,50,0,0,0,100,100,100,100,100,100,100,100,68.5,66.7,100,100,100,100,100,0,0,100,100,0,0,0,0,0,0,33.3,33.3,100,0,0,100,100,100,100,100,100,100,100,100,100,100,79.5,86.5,86.5,49.8,49.8,96.6,96.6,85.2,85.2,100,100,100,100,100,100,66.9,55.4,68.6,43.6,62.1,100,42.3,27,100,0,61.1,100,100,33.3,100,0,0,50,100,0,0,0,0,0,0,51.5,54.4,0,99.7,63.6,100,100,0,0,100,100,100,100,100,100,100,100,100,100,100,100,100,100,76.4,100,100,100,100,100,100,100,100,100,100,100,100,100,100,100,100,100,75,100,100,100,50,100,0,16.7,0,0,0,0,0,0,0,66.7,0,100,100,66.7,66.7,0,100,100,79.5,83.7,86,75,100,100,75,77,100,75,100,100,75,75,50,75,0,75,100,100,100,100,75,75,86.2,99.9,99.9,91.2,91.2,99.7,99,100,100,50,50,100,100,76.3,76.3,83.3,75,75,100,100,75,75,61.3,16.2,16.2,67.7,67.7,100,100,82.9,72.6,81.6,95.4,57.9,73.6,54.3,100,100,100,59.1,59.1,100,100,100
Austria ,2021,3.188923406,56.9,53.3,100,100,100,100,100,100,100,100,50.8,75,100,100,100,0,66.7,0,100,100,0,0,12.6,25.1,0,100,100,44,20,0,0,0,0,100,0,0,0,0,100,100,100,100,50,100,100,100,0,0,0,0,0,0,0,0,0,75,75,50,100,41.4,62.5,75,100,50,50,100,0,0,0,0,0,0,50,0,0,0,100,100,100,73.3,66.7,100,0,100,100,100,0,0,100,100,100,100,100,12.5,25,0,50,0,0,50,100,100,100,0,0,41.8,58.3,75,100,100,100,0,0,0,100,100,25,50,100,0,0,0,33.3,33.3,100,0,0,0,0,0,66.7,33.3,100,0,0,100,100,100,84,88.1,88.1,56.5,56.5,100,100,91.7,91.7,25,50,0,100,0,0,54,41.4,32.1,61.3,34.9,0,50.8,52.3,100,0,61.1,100,100,33.3,100,0,0,50,100,0,50,0,0,100,100,50.3,51,0,98.2,54.7,100,100,0,0,0,0,0,0,100,100,100,75,50,100,0,100,100,100,63.9,100,100,100,100,100,100,100,100,100,100,100,100,100,100,100,100,100,0,0,0,0,0,0,0,16.7,0,0,0,0,0,0,0,66.7,0,100,100,66.7,66.7,0,100,100,87.2,88.1,75.1,50,75,75,75,76,75,100,100,100,75,75,91.7,75,100,100,100,100,100,100,75,75,88.2,99.9,99.9,95.5,95.5,99.8,99.5,100,100,50,50,100,100,84.2,84.2,100,100,100,100,100,100,100,74.6,47.9,47.9,75.9,75.9,100,100,85.2,66.8,78.9,91,47.3,47.5,69.4,100,100,100,73.8,73.8,100,100,100
Belgium,2021,3.215507731,59.3,54.2,83.3,66.7,100,100,0,100,100,100,22.7,25,100,0,0,0,66.7,100,0,100,0,0,22,43.9,0,0,0,44,20,0,0,0,0,100,0,0,0,0,100,100,100,100,100,100,100,100,100,100,0,0,0,0,0,0,0,75,75,50,100,52.9,75,50,100,0,100,100,100,50,100,100,0,0,37.5,25,50,0,50,100,0,80,100,100,100,100,0,0,100,100,100,100,100,100,100,25,0,0,0,50,50,50,100,100,100,0,0,46.4,12.5,37.5,50,100,0,0,0,0,0,0,25,50,100,0,0,0,33.3,33.3,100,0,0,100,100,100,50,0,0,0,0,100,100,100,78.8,90.7,90.7,45.6,45.6,95.5,95.5,83.3,83.3,25,50,0,100,0,0,64.2,45.5,44.3,36.4,96.5,0,46.7,40,100,0,44.4,50,50,33.3,100,0,0,50,100,0,50,100,100,0,0,59.6,78.8,75,99.2,62,100,100,0,0,100,100,100,100,100,100,100,50,50,100,0,50,100,0,61.1,50,100,100,0,0,100,100,100,100,100,100,100,100,100,100,100,100,25,50,100,0,0,0,0,25,0,0,0,0,0,0,0,100,100,100,100,66.7,66.7,0,100,100,77.2,75,75.1,75,50,75,75,76,75,100,75,75,50,50,50,50,25,75,100,100,100,100,75,75,90.6,99.9,99.9,99,99,99.9,99.7,100,100,50,50,100,100,94.7,94.7,83.3,75,75,100,100,75,75,58.8,2.3,2.3,74.1,74.1,100,100,78.3,68,78.7,91.9,47.5,56,66,100,100,100,70.4,70.4,75,50,100
Canada,2021,1.697270262,69.8,70.4,75,50,100,50,0,100,100,100,35.6,50,100,0,100,0,100,100,100,100,0,0,27.8,17.5,38.1,0,0,86.7,100,100,100,100,100,100,100,100,33.3,33.3,100,100,100,100,100,100,100,100,100,100,50,100,100,100,100,0,0,75,75,50,100,70.8,75,50,100,0,100,100,100,50,100,100,0,0,50,100,100,100,0,0,0,100,100,100,100,100,100,100,100,100,100,100,100,100,100,50,50,50,50,50,50,100,100,100,100,100,100,49.2,58.3,75,100,100,0,100,0,0,100,100,25,50,100,0,0,0,33.3,33.3,100,0,0,0,0,0,100,100,100,100,100,100,100,100,77.8,91.3,91.3,41.8,41.8,86.4,86.4,91.7,91.7,50,100,100,100,0,0,67.3,49.6,26.7,30.9,49.1,0,72.6,17.7,100,100,44.4,100,100,33.3,100,0,0,0,0,0,100,100,100,100,100,52,56.1,0,97.7,70.5,100,100,0,0,50,50,100,0,100,100,100,75,50,100,0,100,100,100,79.2,100,100,100,100,100,100,100,100,100,100,100,100,100,100,100,100,100,50,50,100,0,50,100,0,25,0,0,0,0,0,0,0,100,100,100,100,100,100,100,100,100,81.8,87.8,89.6,100,100,100,75,77,75,100,100,100,100,100,50,75,0,75,100,100,100,100,75,75,95.5,99.9,99.9,94.2,94.2,99.9,99.7,100,100,100,100,100,100,78.9,78.9,83.3,100,100,75,75,75,75,64.8,21.3,21.3,73.1,73.1,100,100,77.7,70,79.6,93.6,51.5,71.5,53.7,100,100,100,65.7,65.7,75,50,100
Cezch Republic,2021,1.996006139,52.8,46.1,50,50,100,50,0,50,100,0,47,50,100,0,100,0,66.7,100,0,100,100,100,18.6,30.9,6.2,0,0,54.7,40,0,100,100,0,0,0,0,33.3,33.3,100,100,100,100,50,100,100,100,0,0,0,0,0,0,0,0,0,75,75,50,100,37.8,50,0,0,0,100,100,100,0,0,0,0,0,50,0,0,0,100,100,100,76.7,83.3,50,100,100,0,0,100,100,100,100,100,100,100,0,0,0,0,0,0,50,100,100,100,0,0,50.1,50,50,100,0,0,100,0,0,100,100,25,50,100,0,0,0,33.3,33.3,100,0,0,100,100,100,37.5,0,0,0,0,75,50,100,79.6,81.1,81.1,58.5,58.5,95.5,95.5,83.3,83.3,25,50,0,100,0,0,55.8,39.6,30.1,48.8,41.4,0,49.2,47.6,100,0,61.1,100,100,33.3,100,0,0,50,100,0,50,0,0,100,100,64.7,94.2,100,99.8,82.9,100,100,0,0,0,0,0,0,100,100,100,75,50,100,0,100,100,100,51.4,0,0,0,0,0,100,100,100,100,100,100,100,100,100,100,100,100,0,0,0,0,0,0,0,41.7,0,0,0,0,0,100,100,66.7,0,100,100,66.7,66.7,0,100,100,75.6,86.1,61.3,75,50,75,50,54,50,75,75,75,75,75,91.7,100,100,75,100,100,100,100,100,100,81.2,99.7,99.7,87.5,87.5,100,100,100,100,0,0,100,100,100,100,75,75,75,75,75,75,75,60,30.1,30.1,75,75,75,75,75.9,60.3,71.7,82.6,45.2,42.6,59.4,100,100,100,43.2,43.2,100,100,100
Chile,2019,0.341934565,53,46.6,83.3,66.7,100,100,0,100,100,100,19.1,25,100,0,0,0,66.7,100,0,100,0,0,3.6,3.9,3.3,0,0,52,60,0,100,100,0,100,0,0,0,0,100,100,100,100,50,100,100,100,0,0,0,0,0,0,0,0,0,75,75,50,100,43.5,75,50,100,0,100,100,100,0,0,0,0,0,62.5,75,50,100,50,100,0,73.3,16.7,50,0,0,100,100,100,100,50,100,0,100,100,0,0,0,0,0,0,50,100,100,100,0,0,60.8,41.7,75,100,100,0,100,0,0,50,50,0,0,0,0,0,0,33.3,33.3,100,0,0,100,100,100,66.7,33.3,100,0,0,100,100,100,83.8,82.3,82.3,56.5,56.5,100,100,96.3,96.3,100,100,100,100,100,100,48.2,18.7,32.2,30.6,66,0,5.1,15.3,0,0,33.3,100,100,0,0,0,0,0,0,0,0,0,0,0,0,60.6,81.7,75,99.7,70.5,100,100,0,0,50,50,100,0,100,100,100,75,50,100,0,100,100,100,52.6,50,100,100,0,0,100,100,100,100,90.6,81.3,100,100,100,25,100,100,0,0,0,0,0,0,0,8.3,0,0,0,0,0,0,0,33.3,0,100,0,66.7,66.7,0,100,100,66.4,78.9,77.4,100,75,75,75,67,75,75,100,100,50,50,50,75,0,75,100,100,100,100,75,75,74,96,96,64.8,64.8,83.2,99.5,50,100,50,50,100,100,50,50,75,50,50,100,100,75,75,46.7,14.3,14.3,75.8,75.8,50,50,57.4,61.6,74.6,90.3,70.2,16.8,56,100,100,100,18,18,50,50,50
Colombia,2019,0.322012015,50,47.2,75,50,100,50,0,100,100,100,68.2,50,100,0,100,0,66.7,100,0,100,100,100,24.2,13.5,34.8,100,100,40,0,0,0,0,0,0,0,0,0,0,100,100,100,100,25,50,0,100,0,0,0,0,0,0,0,0,0,75,75,50,100,43.3,25,0,0,0,50,100,0,50,0,0,100,100,75,50,100,0,100,100,100,60,0,0,0,0,100,100,100,100,100,100,100,0,0,0,0,0,0,0,0,50,100,100,100,0,0,55.7,37.5,12.5,50,0,0,0,0,0,100,100,0,0,0,0,0,0,33.3,33.3,100,0,0,100,100,100,50,0,0,0,0,100,100,100,69,62.3,62.3,57.8,57.8,96.6,96.6,59.3,59.3,100,100,100,100,100,100,43.7,23.7,44,25.8,6.3,100,3.4,10.2,0,0,44.4,100,100,33.3,100,0,0,0,0,0,0,0,0,0,0,62.5,87.6,75,95,92.9,100,100,0,0,0,0,0,0,100,100,100,75,50,100,0,100,100,100,61.5,50,100,100,0,0,100,100,100,100,93.8,87.5,100,100,100,50,100,100,50,0,0,0,100,100,100,8.3,0,0,0,0,0,0,0,33.3,0,100,0,66.7,66.7,0,100,100,48.7,46.1,48,75,50,50,25,36,50,50,75,75,50,50,25,50,0,25,50,50,0,0,75,75,54.2,93.7,93.7,56.7,56.7,43,95.7,0,33.3,50,50,50,50,31.6,31.6,50,25,25,50,50,75,75,34.7,22.5,22.5,56.7,56.7,25,25,58.6,78.6,66.5,91,79,90.6,65.7,91.8,96.2,87.5,14,14,50,50,50
Denmark,2021,2.812619868,64.4,64.3,83.3,66.7,100,100,0,100,100,100,30,75,100,100,0,100,66.7,100,0,100,0,0,8.3,16.6,0,0,0,89.3,80,100,100,100,0,100,100,100,66.7,66.7,100,100,100,100,75,50,0,100,100,100,33.3,66.7,0,100,100,0,0,75,75,50,100,64.6,75,50,100,0,100,100,100,50,100,100,0,0,62.5,25,50,0,100,100,100,100,100,100,100,100,100,100,100,100,100,100,100,100,100,50,0,0,0,100,100,50,100,100,100,0,0,51.8,58.3,75,100,0,100,100,0,0,100,100,25,50,100,0,0,0,33.3,33.3,100,0,0,100,100,100,58.3,66.7,100,100,0,50,100,0,87.4,98.3,98.3,59.5,59.5,100,100,91.7,91.7,0,0,0,0,0,0,64.5,69.5,66.2,47.5,51,100,72.7,18.2,100,100,55.6,100,100,16.7,50,0,0,50,100,0,0,0,0,0,0,51.3,54,0,93.8,68.2,100,100,0,0,100,100,100,100,100,100,100,75,50,100,0,100,100,100,61.1,50,100,100,0,0,100,100,100,100,100,100,100,100,100,100,100,100,0,0,0,0,0,0,0,50,100,100,0,0,0,0,0,100,100,100,100,66.7,66.7,0,100,100,79.9,85.8,84,50,75,100,75,88,100,100,100,100,75,75,66.7,50,50,100,100,100,100,100,75,75,90.3,99.9,99.9,99.6,99.6,99.9,99.7,100,100,50,50,100,100,92.1,92.1,75,75,75,75,75,75,75,66.1,13.8,13.8,84.4,84.4,100,100,82.2,70.1,76.9,89.7,44.7,69.2,70.1,100,100,100,83.5,83.5,75,50,100
Finland,2021,2.989338133,70.9,58.2,75,50,100,50,0,100,100,100,55.5,100,100,100,100,100,66.7,100,0,100,0,0,10.8,20.6,1,100,100,44,20,0,0,0,0,100,0,0,0,0,100,100,100,100,100,100,100,100,100,100,0,0,0,0,0,0,0,75,75,50,100,67.5,87.5,75,100,50,100,100,100,50,100,100,0,0,87.5,75,50,100,100,100,100,80,100,100,100,100,0,0,100,100,100,100,100,100,100,50,100,100,100,0,0,50,100,100,100,0,0,70.7,91.7,75,100,0,100,100,100,100,100,100,75,50,100,0,100,100,33.3,33.3,100,0,0,100,100,100,83.3,66.7,100,100,0,100,100,100,86.8,89.9,89.9,61.5,61.5,100,100,95.8,95.8,25,50,0,100,0,0,68.7,57.3,72.7,45.2,73,100,41.9,25.6,0,100,38.9,0,0,66.7,100,0,100,50,100,0,50,100,100,0,0,59.9,79.6,75,99.9,63.8,100,100,0,0,100,100,100,100,100,100,100,75,50,100,0,100,100,100,77.8,100,100,100,100,100,100,100,100,100,100,100,100,100,100,100,100,100,25,50,100,0,0,0,0,75,100,100,0,0,0,100,100,100,100,100,100,66.7,66.7,0,100,100,82.6,82.7,87.1,75,100,100,75,85,75,100,100,100,75,75,66.7,75,25,100,100,100,100,100,50,50,98.8,99.9,99.9,98.4,98.4,99.9,99.7,100,100,100,100,100,100,94.7,94.7,91.7,100,100,75,75,100,100,64.2,16.8,16.8,75.7,75.7,100,100,75.8,68.1,79,90.5,38.3,66.9,65.9,100,100,100,60.1,60.1,75,50,100
France,2021,2.211912657,61.9,59.4,100,100,100,100,100,100,100,100,29.3,25,100,0,0,0,100,100,100,100,0,0,21.5,36.8,6.2,0,0,52,60,0,100,100,0,100,0,0,0,0,100,100,100,100,100,100,100,100,100,100,0,0,0,0,0,0,0,75,75,50,100,45.7,75,50,100,0,100,100,100,0,0,0,0,0,62.5,75,50,100,50,100,0,86.7,33.3,100,0,0,100,100,100,100,100,100,100,100,100,0,0,0,0,0,0,50,100,100,100,0,0,47.7,29.2,37.5,50,0,0,100,0,0,50,50,0,0,0,0,0,0,33.3,33.3,100,0,0,100,100,100,66.7,33.3,100,0,0,100,100,100,79.6,83.6,83.6,51.5,51.5,100,100,83.3,83.3,25,50,0,100,0,0,70.4,56.3,31.8,38.7,56.7,0,80.8,42.4,100,100,83.3,100,100,50,100,50,0,100,100,100,100,100,100,100,100,53,59.1,0,97.1,80.2,100,100,0,0,50,50,100,0,100,100,100,50,50,100,0,50,100,0,65.3,50,100,100,0,0,100,100,100,100,100,100,100,100,100,100,100,100,0,0,0,0,0,0,0,41.7,100,100,0,0,0,0,0,66.7,100,100,0,100,100,100,100,100,82.9,81.3,77.7,75,100,75,75,69,75,75,100,100,50,50,66.7,50,75,75,100,100,100,100,75,75,88.3,99.9,99.9,98.2,98.2,100,100,100,100,50,50,100,100,81.6,81.6,100,100,100,100,100,100,100,68.3,22.3,22.3,82.8,82.8,100,100,76.4,64.6,81.7,94.7,43.4,36.2,66.9,99.8,100,99.7,66.2,66.2,75,50,100
Germany,2021,3.13319628,65.5,49.1,83.3,66.7,100,100,0,100,100,100,56.7,75,100,100,100,0,100,100,100,100,100,100,8.7,17.5,0,0,0,54.7,40,0,100,0,0,100,0,0,33.3,33.3,100,100,100,100,25,50,100,0,0,0,0,0,0,0,0,0,0,75,75,50,100,72.4,87.5,75,100,50,100,100,100,50,100,100,0,0,75,50,0,100,100,100,100,96.7,83.3,50,100,100,100,100,100,100,100,100,100,100,100,75,50,50,50,100,100,50,100,100,100,0,0,56.3,66.7,100,100,100,100,100,0,0,100,100,0,0,0,0,0,0,33.3,33.3,100,0,0,100,100,100,83.3,66.7,100,100,0,100,100,100,85.7,88.4,88.4,61.1,61.1,93.2,93.2,100,100,25,50,0,100,0,0,56,78.9,72,50.4,65.5,100,85.9,57.7,100,100,61.1,100,100,33.3,100,0,0,50,100,0,50,0,0,100,100,51.9,55.7,0,98.6,68.5,100,100,0,0,0,0,0,0,100,100,100,50,50,100,0,50,100,0,75,100,100,100,100,100,100,100,100,100,100,100,100,100,100,100,100,100,0,0,0,0,0,0,0,50,100,100,0,0,0,0,0,100,100,100,100,100,100,100,100,100,83.9,87.5,79.3,75,100,75,75,80,75,75,100,100,75,75,83.3,75,100,75,100,100,100,100,75,75,95.9,99.9,99.9,94.1,94.1,100,100,100,100,100,100,100,100,81.6,81.6,83.3,75,75,100,100,75,75,66.5,26.1,26.1,73.3,73.3,100,100,86.5,64.6,76.7,91,40,49.8,65.7,100,100,100,81.4,81.4,100,100,100
Greece,2021,1.450522876,51.5,44.8,83.3,66.7,100,100,0,100,100,100,16.7,50,100,0,100,0,33.3,0,0,100,0,0,0,0,0,0,0,44,20,0,0,0,0,100,0,0,0,0,100,100,100,100,100,100,100,100,100,100,0,0,0,0,0,0,0,25,25,50,0,48.9,75,50,100,0,100,100,100,50,100,100,0,0,25,0,0,0,50,100,0,93.3,66.7,100,0,100,100,100,100,100,100,100,100,100,100,0,0,0,0,0,0,50,100,100,100,0,0,46.7,20.8,12.5,50,0,0,0,0,0,50,50,25,50,100,0,0,0,33.3,33.3,100,0,0,100,100,100,50,0,0,0,0,100,100,100,72.7,75.9,75.9,53,53,90.9,90.9,70.8,70.8,25,50,0,100,0,0,46.2,52.1,27.6,65,17.7,0,76.6,29.9,100,100,44.4,50,50,33.3,100,0,0,50,100,0,0,0,0,0,0,51.7,55.2,0,99,66.5,100,100,0,0,0,0,0,0,100,100,100,75,50,100,0,100,100,100,63.9,100,100,100,100,100,100,100,100,100,100,100,100,100,100,100,100,100,0,0,0,0,0,0,0,16.7,0,0,0,0,0,0,0,66.7,0,100,100,66.7,66.7,0,100,100,58.3,67.7,57.1,75,50,50,50,50,50,75,100,100,50,50,41.7,50,25,50,100,100,100,100,25,25,83.1,97.3,97.3,89.3,89.3,83,99,50,100,50,50,100,100,78.9,78.9,50,50,50,50,50,50,50,33.3,23.8,23.8,76.1,76.1,0,0,57.6,59.4,79.2,91,38.9,26.9,61.3,100,100,100,20.8,20.8,50,0,100
Hungary,2021,1.646157076,49.4,66.7,33.3,0,100,0,100,100,100,20.8,25,100,0,0,0,66.7,100,100,0,0,0,12.6,17.9,7.2,0,0,58.7,60,0,100,100,0,100,0,0,33.3,33.3,100,100,100,100,50,100,100,100,0,0,0,0,0,0,0,0,0,100,100,100,100,38.1,75,50,100,0,100,100,100,0,0,0,0,0,50,0,0,0,100,100,100,53.3,66.7,100,100,0,0,0,0,0,100,100,100,100,100,0,0,0,0,0,0,50,100,100,100,0,0,50.1,37.5,12.5,50,0,0,0,0,0,100,100,25,50,100,0,0,0,33.3,33.3,100,0,0,100,100,100,50,0,0,0,0,100,100,100,79.8,80.6,80.6,49.1,49.1,97.7,97.7,91.7,91.7,25,50,0,100,0,0,54.6,37.5,24.8,40.4,34.1,0,50.1,50.4,100,0,66.7,100,100,50,50,0,100,50,100,0,50,0,0,100,100,53,58.9,0,99.1,77.6,100,100,0,0,0,0,0,0,100,100,100,75,50,100,0,100,100,100,62.5,50,100,100,0,0,100,100,100,100,100,100,100,100,100,100,100,100,0,0,0,0,0,0,0,58.3,100,100,0,0,0,100,100,33.3,0,0,100,66.7,66.7,0,100,100,71.7,74.7,56.3,50,50,75,25,44,75,75,75,75,75,75,66.7,75,75,50,100,100,100,100,50,50,84.6,98.8,98.8,72.3,72.3,99.7,99.2,100,100,100,100,50,50,86.8,86.8,83.3,100,100,75,75,75,75,52,32.8,32.8,73.2,73.2,50,50,64,56.3,63.6,69.5,45.5,44.4,58.7,99.5,100,98.9,25.1,25.1,75,50,100,100
Iceland,2021,2.799962863,40,75,50,0,50,100,100,100,100,41.1,25,100,0,0,0,66.7,100,0,100,100,100,13.7,27.4,0,0,0,24,20,0,0,0,0,100,0,0,0,0,100,100,0,0,0,0,0,0,0,0,0,0,0,0,0,0,0,100,100,100,100,36.4,62.5,25,0,50,100,100,100,0,0,0,0,0,0,0,0,0,0,0,0,43.3,66.7,100,100,0,0,0,0,0,50,100,0,100,100,62.5,25,50,0,100,100,50,100,100,100,0,0,47.9,41.7,75,100,100,0,100,0,0,50,50,37.5,75,100,50,0,0,33.3,33.3,100,0,0,0,0,0,83.3,66.7,100,0,100,100,100,100,89.2,99.3,99.3,57.6,57.6,100,100,100,100,50,100,100,100,0,0,52.2,58.1,76.2,48.3,80.3,100,40,19.9,100,0,55.6,50,50,66.7,100,100,0,50,100,0,0,0,0,0,0,51.7,55,0,97.7,67.3,100,100,0,0,50,50,100,0,100,100,100,50,50,100,0,50,100,0,34.4,0,0,0,0,0,50,50,100,0,81.3,62.5,100,0,100,50,100,100,0,0,0,0,0,0,0,8.3,0,0,0,0,0,0,0,33.3,0,0,100,66.7,66.7,0,100,100,79.9,92.7,82.1,75,75,100,75,75,75,100,100,100,75,75,91.7,100,100,75,100,100,100,100,100,100,90.8,99.9,99.9,97.5,97.5,100,100,100,100,50,50,100,100,97.4,97.4,83.3,75,75,75,75,100,100,52,7,7,73.8,73.8,75,75,80.8,75.9,82.1,93.3,58.7,79.1,66.4,99.9,100,99.8,72.4,72.4,75,50,100,100
Ireland,2021,1.055997869,55.3,52.9,100,100,100,100,100,100,100,100,73.5,50,100,0,100,0,100,100,100,100,100,100,17.5,35,0,100,100,44,20,0,0,0,0,100,0,0,0,0,100,100,100,100,50,100,100,100,0,0,0,0,0,0,0,0,0,50,50,0,100,50.4,87.5,75,100,50,100,100,100,0,0,0,0,0,62.5,25,50,0,100,100,100,90,50,50,0,100,100,100,100,100,100,100,100,100,100,12.5,25,50,0,0,0,50,100,100,100,0,0,41.4,41.7,25,100,0,0,0,0,0,100,100,25,50,100,0,0,0,0,0,0,0,0,0,0,0,66.7,33.3,100,0,0,100,100,100,81.7,84.8,84.8,48.7,48.7,93.2,93.2,100,100,75,50,0,100,100,100,51.7,73.3,73,39.2,79.8,100,73.6,20.9,100,100,61.1,100,100,33.3,100,0,0,50,100,0,0,0,0,0,0,52.3,57,0,99.7,71.4,100,100,0,0,0,0,0,0,100,100,100,75,100,100,100,50,100,0,55.6,50,100,100,0,0,100,100,100,100,100,100,100,100,100,100,100,100,0,0,0,0,0,0,0,16.7,0,0,0,0,0,0,0,66.7,0,100,100,66.7,66.7,0,100,100,79.9,78,71,50,75,100,50,72,50,100,100,100,50,50,75,75,100,50,75,75,100,100,75,75,87.8,99.9,99.9,93,93,99.9,99.7,100,100,50,50,100,100,84.2,84.2,75,75,75,75,75,75,75,73.9,42.2,42.2,79.4,79.4,100,100,85,70.6,80.5,91.2,61.6,58.9,60.6,94.4,97.3,91.5,74.9,74.9,100,100,100
Italy ,2021,1.483318392,51.9,47.2,83.3,66.7,100,100,0,100,100,100,30.7,75,100,100,100,0,66.7,100,0,100,0,0,11.6,17,6.2,0,0,44,20,0,0,0,0,100,0,0,0,0,100,100,100,100,50,100,100,100,0,0,0,0,0,0,0,0,0,75,75,50,100,49.7,75,50,100,0,100,100,100,0,0,0,0,0,50,0,0,0,100,100,100,73.3,66.7,100,0,100,100,100,0,0,100,100,100,100,100,50,50,0,100,50,50,50,100,100,100,0,0,43.2,29.2,37.5,50,0,0,100,0,0,50,50,25,50,100,0,0,0,0,0,0,0,0,100,100,100,50,0,0,0,0,100,100,100,73,74.6,74.6,63.6,63.6,95.5,95.5,58.3,58.3,25,50,0,100,0,0,40.2,32.9,25.1,47.1,28.2,0,40.7,22.2,100,0,44.4,50,50,33.3,100,0,0,50,100,0,0,0,0,0,0,54.4,63.1,25,99.9,64.3,100,100,0,0,0,0,0,0,100,100,100,50,50,100,0,50,100,0,65.3,50,100,100,0,0,100,100,100,100,100,100,100,100,100,100,100,100,0,0,0,0,0,0,0,41.7,0,0,0,0,0,100,100,66.7,0,100,100,100,100,100,100,100,65.9,66,54,50,50,50,25,53,75,75,50,50,50,50,33.3,50,25,25,100,100,100,100,75,75,69.2,99,99,96,96,99.1,97.2,100,100,0,0,50,50,71.1,71.1,58.3,75,75,50,50,50,50,63.6,33.8,33.8,82.1,82.1,75,75,72.4,68.6,83.5,94.8,35.7,59.3,69.8,99.9,100,99.8,46,46,75,50,100
Japan,2021,3.295810199,60.5,43.1,91.7,83.3,100,50,100,100,100,100,29.7,75,100,100,100,0,66.7,100,0,100,0,0,7,13.9,0,0,0,12,60,0,100,100,0,100,0,0,0,0,0,0,0,0,50,100,100,100,0,0,0,0,0,0,0,0,0,75,75,50,100,71.1,37.5,75,100,50,0,0,0,100,100,100,100,100,100,100,100,100,100,100,100,76.7,83.3,50,100,100,100,100,100,100,100,100,100,0,0,62.5,75,50,100,50,50,50,100,100,100,0,0,59.5,50,50,100,0,100,0,0,0,100,100,25,50,100,0,0,0,33.3,33.3,0,100,0,100,100,100,83.3,66.7,100,0,100,100,100,100,74.8,84.9,84.9,66.9,66.9,93.2,93.2,54.2,54.2,50,100,100,100,0,0,51.6,63.8,29.6,28.5,60.1,0,98,94,100,100,44.4,100,100,33.3,100,0,0,0,0,0,0,0,0,0,0,52.8,58.4,0,99.9,75.4,100,100,0,0,0,0,0,0,100,100,100,100,100,100,100,100,100,100,66.7,50,100,100,0,0,50,50,100,0,100,100,100,100,100,100,100,100,50,50,100,0,50,100,0,50,100,100,0,0,0,0,0,100,100,100,100,100,100,100,100,100,70.9,80.4,71.3,75,75,75,50,74,75,75,100,100,75,75,66.7,75,50,75,100,100,100,100,50,50,76.6,99.9,99.9,92.2,92.2,88.7,99.5,100,66.7,50,50,50,50,78.9,78.9,75,75,75,75,75,75,75,44.2,9.6,9.6,73.1,73.1,50,50,78.3,73.1,85.8,99.9,21,62.4,96.3,100,100,100,65.1,65.1,75,50,100
South Korea,2021,4.930120876,65.4,48.8,75,50,100,50,0,100,100,100,55,75,100,100,100,0,100,100,100,100,0,0,0,0,0,100,100,62.7,80,100,100,100,0,100,0,0,33.3,33.3,100,100,100,100,50,100,100,100,0,0,0,0,0,0,0,0,0,50,50,100,0,73.8,62.5,75,100,50,50,0,100,50,100,100,0,0,87.5,75,50,100,100,100,100,80,100,100,100,100,100,100,100,100,100,100,100,0,0,62.5,75,50,100,50,50,100,100,100,100,100,100,65,91.7,75,100,100,100,0,100,100,100,100,25,50,100,0,0,0,66.7,66.7,100,100,0,100,100,100,83.3,66.7,100,0,100,100,100,100,88,96.5,96.5,64.4,64.4,95.5,95.5,95.8,95.8,0,0,0,0,0,0,62.5,75.6,54.6,27.9,36,100,96.7,90,100,100,44.4,100,100,33.3,100,0,0,0,0,0,50,100,100,0,0,17.5,52.6,0,100,57.8,0,0,0,0,50,50,0,100,100,100,100,100,100,100,100,100,100,100,69.4,100,100,100,100,100,50,50,100,0,100,100,100,100,100,100,100,100,25,50,100,0,0,0,0,75,100,100,0,0,0,100,100,100,100,100,100,66.7,66.7,0,100,100,73.1,66.4,73,75,100,75,50,61,75,75,100,100,50,50,91.7,100,100,75,50,50,100,100,0,0,92.3,99.9,99.9,97.4,97.4,72.1,99.7,50,66.7,100,100,100,100,84.2,84.2,83.3,75,75,75,75,100,100,45.7,21.5,21.5,65.5,65.5,50,50,78,79.6,81.5,99.8,59.1,62.2,95.6,100,100,100,32.2,32.2,100,100,100
Luxembourg ,2021,1.022807682,48.4,30.3,91.7,83.3,100,50,100,100,100,100,0,0,0,0,0,0,0,0,0,0,0,0,0,0,0,0,0,40,0,0,0,0,0,0,0,0,0,0,100,100,100,100,25,50,100,0,0,0,0,0,0,0,0,0,0,25,25,50,0,33.3,62.5,25,0,50,100,100,100,0,0,0,0,0,37.5,25,50,0,50,100,0,50,50,50,0,100,0,0,0,0,100,100,100,100,100,0,0,0,0,0,0,50,100,100,100,0,0,46.4,20.8,12.5,50,0,0,0,0,0,50,50,25,50,100,0,0,0,0,0,0,0,0,100,100,100,66.7,33.3,100,0,0,100,100,100,87.5,97.4,97.4,65.1,65.1,100,100,87.5,87.5,25,50,0,100,0,0,36.7,37.7,32,35.6,60.2,0,43.5,30.4,100,0,16.7,0,0,0,0,0,0,50,100,0,0,0,0,0,0,52.6,57.7,0,99.9,73.2,100,100,0,0,0,0,0,0,100,100,100,50,50,100,0,50,100,0,56.9,50,100,100,0,0,100,100,100,100,100,100,100,100,100,100,100,100,0,0,0,0,0,0,0,25,0,0,0,0,0,0,0,100,100,100,100,66.7,66.7,0,100,100,86.5,86.2,86.4,100,75,75,100,80,75,100,100,100,100,100,66.7,75,50,75,100,100,100,100,50,50,94.7,99.9,99.9,94.9,94.9,99.8,99.5,100,100,100,100,100,100,73.7,73.7,100,100,100,100,100,100,100,61.5,10.1,10.1,74.3,74.3,100,100,90.1,72.7,80.6,93.5,61.4,62.8,65.2,99.2,100,98.5,88.3,88.3,100,100,100
Mexico,2019,0.283935503,55.1,41.7,75,100,100,100,100,50,100,0,31.4,50,100,0,100,0,100,100,100,100,0,0,6.8,13.5,0,0,0,44,20,0,0,0,0,100,0,0,0,0,100,100,100,100,50,100,100,100,0,0,0,0,0,0,0,0,0,50,50,0,100,50.1,87.5,75,100,50,100,100,100,0,0,0,0,0,75,50,100,0,100,100,100,63.3,16.7,50,0,0,0,0,100,100,100,100,100,100,100,50,0,0,0,100,100,25,50,100,0,0,0,61.5,33.3,50,100,0,100,0,0,0,50,50,0,0,0,0,0,0,33.3,33.3,100,0,0,100,100,100,100,100,100,100,100,100,100,100,63.5,63.9,63.9,39.5,39.5,91.4,91.4,59.3,59.3,100,100,100,100,100,100,52.5,41.7,46.6,28.2,11.6,100,36.7,10.2,100,0,44.4,100,100,33.3,100,0,0,0,0,0,0,0,0,0,0,56.1,68.3,25,97.5,82.3,100,100,0,0,50,50,100,0,100,100,100,75,50,100,0,100,100,100,68.1,50,100,100,0,0,100,100,100,100,100,100,100,100,100,100,100,100,0,0,0,0,0,0,0,58.3,100,100,0,0,0,100,100,33.3,0,100,0,100,100,100,100,100,56.8,50.4,36.1,50,50,50,25,28,25,25,50,50,50,50,16.7,50,0,0,75,75,100,100,25,25,51.4,94.1,94.1,61.8,61.8,55.1,98.7,0,66.7,0,0,50,50,47.4,47.4,58.3,50,50,50,50,75,75,61.4,23,23,61.2,61.2,100,100,62.6,71,61.7,78.1,82.4,78.2,54.5,94.3,99,89.6,10.2,10.2,75,50,100
Netherlands,2021,2.255644382,64.7,57.8,91.7,83.3,50,100,100,100,100,100,32,50,100,100,0,0,100,100,100,100,0,0,10,13.9,6.2,0,0,48,40,100,0,0,0,100,0,0,0,0,100,100,100,100,100,100,100,100,100,100,0,0,0,0,0,0,0,75,75,50,100,57.1,87.5,75,100,50,100,100,100,50,100,100,0,0,37.5,25,50,0,50,100,0,80,100,100,100,100,100,100,0,0,100,100,100,100,100,37.5,75,100,50,0,0,50,100,100,100,0,0,58.2,58.3,75,100,100,0,100,0,0,100,100,25,50,100,0,0,0,33.3,33.3,100,0,0,100,100,100,83.3,66.7,100,100,0,100,100,100,82.7,93.6,93.6,60.5,60.5,93.2,93.2,83.3,83.3,25,50,0,100,0,0,66.7,36.7,32.7,42.7,55.3,0,40.8,22.4,100,0,44.4,50,50,33.3,100,0,0,50,100,0,50,100,100,0,0,86,58.1,0,100,74.3,100,100,100,100,50,50,100,0,100,100,100,100,100,100,100,100,100,100,68.1,100,100,100,100,100,100,100,100,100,100,100,100,100,100,100,100,100,0,0,0,0,0,0,0,41.7,100,100,0,0,0,0,0,66.7,0,100,100,66.7,66.7,0,100,100,80.2,81.6,79.6,50,75,75,75,82,100,100,100,100,50,50,66.7,75,25,100,100,100,100,100,75,75,98.6,99.9,99.9,99.5,99.5,99.9,99.7,100,100,100,100,100,100,92.1,92.1,91.7,75,75,100,100,100,100,52.5,9.3,9.3,73,73,75,75,76.5,69,79.3,91.9,45.7,59.3,68.9,99.3,100,98.6,62.8,62.8,75,50,100
New Zealand ,2019,1.404155362,55.8,48.4,83.3,66.7,100,100,0,100,100,100,53.8,75,100,100,100,0,66.7,100,0,100,100,100,27.4,24.5,30.4,0,0,28,40,0,100,100,0,0,0,0,0,0,100,100,0,0,50,100,100,100,0,0,0,0,0,0,0,0,0,75,75,50,100,47.6,50,0,0,0,100,100,100,50,0,0,100,100,62.5,25,50,0,100,100,100,23.3,66.7,0,100,100,0,0,0,0,50,100,0,0,0,75,50,100,0,100,100,25,50,100,0,0,0,55.3,83.3,100,100,100,100,100,100,100,50,50,0,0,0,0,0,0,33.3,33.3,100,0,0,0,0,0,83.3,66.7,100,100,0,100,100,100,87.4,90.8,90.8,62.4,62.4,100,100,96.3,96.3,100,100,100,100,100,100,46.6,37.3,34.7,42.5,61.6,0,39.9,19.7,100,0,61.1,100,100,33.3,100,0,0,50,100,0,50,100,100,0,0,52.7,58.2,0,95.9,78.7,100,100,0,0,50,50,100,0,0,0,0,75,50,100,0,100,100,100,59.7,50,100,100,0,0,100,100,100,100,100,100,100,100,100,100,100,100,0,0,0,0,0,0,0,41.7,0,0,0,0,0,100,100,66.7,0,100,100,66.7,66.7,0,100,100,76.9,92.3,87.4,75,75,100,75,87,100,100,100,100,100,100,83.3,75,75,100,100,100,100,100,75,75,93.1,99.9,99.9,87.9,87.9,99.8,99.5,100,100,100,100,100,100,71.1,71.1,83.3,75,75,100,100,75,75,35.2,15.5,15.5,65.1,65.1,25,25,80.8,71.2,79.4,91.4,58.1,75.8,51.3,100,100,100,52,52,100,100,100
Norway,2021,1.938018933,60.2,53.8,83.3,66.7,100,100,0,100,100,100,45.4,100,100,100,100,100,100,100,100,100,0,0,26.8,34.1,19.6,0,0,44,20,0,0,0,0,100,0,0,0,0,100,100,100,100,50,100,100,100,0,0,0,0,0,0,0,0,0,100,100,100,100,46.3,50,0,0,0,100,100,100,50,100,100,0,0,25,0,0,0,50,100,0,90,100,100,100,100,100,100,100,100,50,100,0,100,100,12.5,25,50,0,0,0,50,100,100,100,0,0,57.5,66.7,100,100,100,100,100,0,0,100,100,25,50,100,0,0,0,33.3,33.3,100,0,0,100,100,100,66.7,33.3,100,0,0,100,100,100,86,98.3,98.3,49.7,49.7,100,100,95.8,95.8,25,50,0,100,0,0,45,58.3,41.6,34.5,90.4,0,75,25,100,100,55.6,50,50,66.7,100,0,100,50,100,0,0,0,0,0,0,51.1,53.4,0,99,61.2,100,100,0,0,0,0,0,0,100,100,100,50,50,100,0,50,100,0,69.4,100,100,100,100,100,100,100,100,100,100,100,100,100,100,100,100,100,0,0,0,0,0,0,0,50,100,100,0,0,0,0,0,100,100,100,100,66.7,66.7,0,100,100,89,96.3,90.6,75,100,100,75,84,100,100,100,100,100,100,83.3,75,75,100,100,100,100,100,100,100,98.5,99.9,99.9,99.1,99.1,99.8,99.5,100,100,100,100,100,100,92.1,92.1,91.7,75,75,100,100,100,100,64.8,20.1,20.1,74.4,74.4,100,100,93.6,74.8,81.9,94.6,52.6,80.8,64.3,99.5,100,99,100,100,100,100,100
Poland,2021,1.435845878,55.7,43.5,75,50,100,50,0,100,100,100,16.8,50,100,0,100,0,33.3,100,0,0,0,0,0.9,1.8,0,0,0,44,20,0,0,0,0,100,0,0,0,0,100,100,100,100,50,100,100,100,0,0,0,0,0,0,0,0,0,75,75,50,100,42.5,62.5,75,100,50,50,100,0,0,0,0,0,0,50,0,0,0,100,100,100,80,100,100,100,100,100,100,0,0,100,100,100,100,100,12.5,25,0,50,0,0,50,100,100,100,0,0,53.3,50,50,100,100,0,0,0,0,100,100,25,50,100,0,0,0,33.3,33.3,100,0,0,100,100,100,58.3,66.7,100,0,100,50,100,0,81.5,84.8,84.8,66.3,66.3,100,100,75,75,25,50,0,100,0,0,52.7,34.8,20.7,28.1,33.9,0,49,47,100,0,72.2,100,100,66.7,100,100,0,50,100,0,0,0,0,0,0,61.8,85.3,75,99.8,81,100,100,0,0,50,50,100,0,100,100,100,50,50,100,0,50,100,0,72.2,100,100,100,100,100,100,100,100,100,100,100,100,100,100,100,100,100,0,0,0,0,0,0,0,66.7,100,100,0,0,0,100,100,66.7,0,100,100,66.7,66.7,0,100,100,70.1,73.3,54.4,50,50,50,50,56,50,75,75,75,50,50,58.3,75,25,75,100,100,100,100,75,75,70.8,98.3,98.3,89.6,89.6,99.8,99.5,100,100,0,0,50,50,86.8,86.8,66.7,50,50,75,75,75,75,74.3,46.1,46.1,76.9,76.9,100,100,65.7,63.3,67.8,80.2,50.1,53.9,64.3,99.9,100,99.8,24.6,24.6,75,50,100
Portugal,2021,1.66010123,54.7,52.8,83.3,66.7,100,100,0,100,100,100,39.4,50,100,0,100,0,33.3,0,0,100,0,0,13.7,27.4,0,100,100,44,20,0,0,0,0,100,0,0,0,0,100,100,100,100,50,100,100,100,0,0,0,0,0,0,0,0,0,100,100,100,100,42.6,87.5,75,100,50,100,100,100,0,0,0,0,0,75,50,100,0,100,100,100,43.3,16.7,50,0,0,0,0,0,0,100,100,100,100,100,0,0,0,0,0,0,50,100,100,100,0,0,41.5,33.3,50,100,0,100,0,0,0,50,50,25,50,100,0,0,0,33.3,33.3,100,0,0,0,0,0,100,100,100,100,100,100,100,100,73.9,75.5,75.5,54.7,54.7,86.4,86.4,79.2,79.2,25,50,0,100,0,0,53.9,53.3,31.7,60.8,34.4,0,74.8,24.5,100,100,55.6,100,100,16.7,50,0,0,50,100,0,0,0,0,0,0,93.3,80,75,98.8,66.2,100,100,100,100,0,0,0,0,100,100,100,75,50,100,0,100,100,100,59.7,50,100,100,0,0,100,100,100,100,100,100,100,100,100,100,100,100,0,0,0,0,0,0,0,41.7,0,0,0,0,0,100,100,66.7,0,100,100,66.7,66.7,0,100,100,77.5,77.8,69.4,75,50,75,50,61,75,100,75,75,50,50,75,100,25,100,100,100,100,100,75,75,94.3,95,95,94.5,94.5,99.8,99.5,100,100,100,100,100,100,76.3,76.3,91.7,100,100,75,75,100,100,55.3,39.4,39.4,76.5,76.5,50,50,68.6,65.2,77.9,92.1,37.6,50,68.3,100,100,100,34.2,34.2,75,50,100
Slovakia,2021,0.93211354,54.4,51.3,75,50,100,50,0,100,100,100,24.3,75,100,100,100,0,33.3,100,0,0,0,0,13.3,25.6,1,0,0,58.7,60,0,100,100,0,100,0,0,33.3,33.3,100,100,100,100,50,100,100,100,0,0,0,0,0,0,0,0,0,100,100,100,100,37.1,87.5,75,100,50,100,100,100,0,0,0,0,0,25,0,0,0,50,100,0,60,100,100,100,100,0,0,0,0,100,100,100,100,100,0,0,0,0,0,0,50,100,100,100,0,0,43.7,66.7,100,100,100,100,100,0,0,100,100,25,50,100,0,0,0,33.3,33.3,100,0,0,0,0,0,70.8,66.7,100,100,0,75,50,100,84.9,83.1,83.1,65,65,100,100,91.7,91.7,25,50,0,100,0,0,62.7,51.9,23.4,40.5,29.8,0,80.3,40.9,100,100,72.2,100,100,66.7,100,0,100,50,100,0,50,0,0,100,100,64.6,93.7,100,98.3,82.8,100,100,0,0,50,50,100,0,100,100,100,50,50,100,0,50,100,0,59.7,50,100,100,0,0,100,100,100,100,100,100,100,100,100,100,100,100,0,0,0,0,0,0,0,41.7,0,0,0,0,0,100,100,66.7,0,100,100,66.7,66.7,0,100,100,72.2,71.6,67.7,75,75,75,50,49,75,75,75,75,50,50,58.3,75,50,50,100,100,100,100,50,50,79.9,99.9,99.9,80.8,80.8,99,96.9,100,100,50,50,50,50,100,100,75,50,50,75,75,100,100,67.7,53.4,53.4,74.8,74.8,75,75,66.6,62.5,66.8,80.2,55.8,40.9,68.8,99.4,100,98.8,29.6,29.6,75,50,100
Spain,2021,1.429288136,67.8,65.7,83.3,66.7,100,100,0,100,100,100,37.6,75,100,100,100,0,100,100,100,100,0,0,13,26,0,0,0,48,40,0,100,0,0,100,0,0,0,0,100,100,100,100,100,100,100,100,100,100,50,100,100,100,100,0,0,75,75,50,100,70.8,87.5,75,100,50,100,100,100,100,100,100,100,100,12.5,25,50,0,0,0,0,100,100,100,100,100,100,100,100,100,100,100,100,100,100,25,50,0,100,0,0,100,100,100,100,100,100,59.9,58.3,75,100,100,100,0,0,0,100,100,25,50,100,0,0,0,33.3,33.3,100,0,0,100,100,100,100,100,100,100,100,100,100,100,77.7,83.4,83.4,57,57,95.5,95.5,75,75,25,50,0,100,0,0,72.8,52.9,28.6,36.5,49.3,0,77.2,31.6,100,100,66.7,100,100,50,100,50,0,50,100,0,100,100,100,100,100,64.9,94.8,100,99.8,84.7,100,100,0,0,50,50,100,0,100,100,100,75,50,100,0,100,100,100,63.9,50,0,0,100,100,100,100,100,100,100,100,100,100,100,100,100,100,25,50,100,0,0,0,0,41.7,0,0,0,0,0,100,100,66.7,0,100,100,66.7,66.7,0,100,100,73.4,78.4,65.7,50,75,75,25,60,75,100,75,75,50,50,83.3,100,75,75,100,100,100,100,75,75,74.3,99.6,99.6,96,96,100,100,100,100,0,0,50,50,100,100,83.3,75,75,75,75,100,100,66.7,52.1,52.1,72.9,72.9,75,75,64.4,68.4,78.1,90,44,60.7,69.3,100,100,100,39.3,39.3,50,0,100
Sweden,2021,3.34990077,64.9,77.3,100,100,100,100,100,100,100,100,51.9,50,100,0,100,0,100,100,100,100,0,0,9.3,17.5,1,100,100,78.7,60,0,100,100,0,100,100,100,33.3,33.3,100,100,100,100,100,100,100,100,100,100,33.3,66.7,0,100,100,0,0,100,100,100,100,62.5,75,50,100,0,100,100,100,50,100,100,0,0,62.5,25,50,0,100,100,100,100,100,100,100,100,100,100,100,100,100,100,100,100,100,37.5,75,50,100,0,0,50,100,100,100,0,0,39.8,41.7,75,100,100,0,100,0,0,50,50,25,50,100,0,0,0,33.3,33.3,100,0,0,0,0,0,66.7,33.3,100,0,0,100,100,100,86.6,94.8,94.8,60,60,100,100,91.7,91.7,25,50,0,100,0,0,53.5,36.8,35.2,47.2,58.5,0,38.3,14.9,100,0,61.1,100,100,33.3,100,0,0,50,100,0,50,100,100,0,0,51.4,54.3,0,99,64,100,100,0,0,0,0,0,0,100,100,100,75,50,100,0,100,100,100,73.6,100,100,100,100,100,100,100,100,100,100,100,100,100,100,100,100,100,0,0,0,0,0,0,0,75,100,100,0,0,0,100,100,100,100,100,100,66.7,66.7,0,100,100,82.7,87.4,87.1,75,100,100,75,85,75,100,100,100,75,75,75,75,50,100,100,100,100,100,75,75,97.7,99.9,99.9,99.6,99.6,99.9,99.7,100,100,100,100,100,100,86.8,86.8,91.7,100,100,100,100,75,75,54.6,14.2,14.2,74.8,74.8,75,75,81.8,67.1,81.3,93.7,44,48.1,68.6,100,100,100,85.2,85.2,75,50,100
Turkey,2021,1.130147522,50,51.1,58.3,16.7,0,50,0,100,100,100,49.5,75,100,100,100,0,66.7,100,0,100,100,100,6,9.9,2.1,0,0,24,20,0,0,0,0,100,0,0,0,0,100,100,0,0,100,100,100,100,100,100,0,0,0,0,0,0,0,75,75,50,100,41.4,87.5,75,100,50,100,100,100,0,0,0,0,0,37.5,25,50,0,50,100,0,23.3,66.7,100,100,0,0,0,0,0,50,100,0,0,0,50,50,50,50,50,50,50,100,100,100,0,0,36.6,58.3,25,100,0,0,0,100,100,50,50,25,50,100,0,0,0,33.3,33.3,100,0,0,0,0,0,66.7,33.3,100,0,0,100,100,100,73.1,74.2,74.2,44.1,44.1,90.9,90.9,83.3,83.3,0,0,0,0,0,0,53.9,42.5,11.7,21.8,13.1,0,73.4,20.1,100,100,50,100,100,50,100,50,0,0,0,0,50,100,100,0,0,59.8,79.5,50,97.1,91.4,100,100,0,0,0,0,0,0,100,100,100,75,50,100,0,100,100,100,59.7,100,100,100,100,100,0,0,0,0,100,100,100,100,100,100,100,100,25,0,0,0,50,100,0,66.7,100,100,0,0,0,100,100,66.7,0,100,100,66.7,66.7,0,100,100,57.2,38.2,34.3,50,25,50,25,40,25,25,25,25,25,25,33.3,50,25,25,50,50,100,100,0,0,64.8,95.1,95.1,66.4,66.4,72.2,100,50,66.7,100,100,0,0,55.3,55.3,66.7,50,50,100,100,50,50,53,28.1,28.1,81,81,50,50,63.5,64.4,67.3,80.7,77.7,47.1,49.1,99,99.8,98.1,15.5,15.5,75,50,100
United Kingdom,2019,2.66549214,68.3,63.3,100,100,100,100,100,100,100,100,52.2,50,100,0,100,0,100,100,100,100,0,0,11.1,20.1,2.2,100,100,69.3,80,100,100,100,0,100,0,0,66.7,66.7,100,100,100,100,50,100,100,100,0,0,33.3,66.7,0,100,100,0,0,75,75,50,100,62.5,75,50,100,0,100,100,100,50,100,100,0,0,100,100,100,100,100,100,100,100,100,100,100,100,100,100,100,100,100,100,100,100,100,0,0,0,0,0,0,50,100,100,100,0,0,68.1,50,50,100,0,0,100,100,100,0,0,0,0,0,0,0,0,66.7,66.7,100,100,0,100,100,100,75,100,100,100,100,50,100,0,85.2,94.6,94.6,53.4,53.4,96.6,96.6,96.3,96.3,100,100,100,100,100,100,66,48.9,57.9,33.3,40.3,100,39.9,19.7,100,0,61.1,100,100,33.3,100,0,0,50,100,0,50,100,100,0,0,52.3,57,0,98.9,72.2,100,100,0,0,50,50,100,0,100,100,100,100,100,100,100,100,100,100,75,100,100,100,100,100,50,50,0,100,100,100,100,100,100,100,100,100,25,50,100,0,0,0,0,75,100,100,0,0,0,100,100,100,100,100,100,100,100,100,100,100,75,76.8,79.3,75,75,100,75,80,75,75,100,100,75,75,58.3,75,25,75,75,75,100,100,50,50,85.6,99.9,99.9,90.3,90.3,99.9,99.7,100,100,50,50,100,100,73.7,73.7,66.7,75,75,50,50,75,75,62.7,19.4,19.4,68.6,68.6,100,100,83.2,68.2,78.2,90.5,49.4,66.6,56.4,100,100,100,64.7,64.7,100,100,100
United States of America,2021,3.457045678,75.9,79.4,83.3,66.7,100,100,0,100,100,100,53.7,50,100,0,100,0,100,100,100,100,0,0,18.6,16.6,20.6,100,100,89.3,80,100,100,100,0,100,100,100,66.7,66.7,100,100,100,100,100,100,100,100,100,100,50,100,100,100,100,0,0,100,100,100,100,80.1,75,50,100,0,100,100,100,50,100,100,0,0,100,100,100,100,100,100,100,93.3,66.7,100,0,100,100,100,100,100,100,100,100,100,100,62.5,25,50,0,100,100,100,100,100,100,100,100,65.7,83.3,100,100,100,100,100,100,100,50,50,25,50,100,0,0,0,66.7,66.7,100,100,0,100,100,100,75,100,100,100,100,50,100,0,84.8,87.6,87.6,58.6,58.6,93.2,93.2,100,100,25,50,0,100,0,0,75.2,70.5,67.7,30.9,72.1,100,73.4,20.2,100,100,72.2,100,100,66.7,100,0,100,50,100,0,50,100,100,0,0,33.5,50.6,0,99,52.7,50,50,0,0,100,100,100,100,100,100,100,100,100,100,100,100,100,100,81.9,100,100,100,100,100,100,100,100,100,100,100,100,100,100,100,100,100,50,100,100,100,0,0,0,41.7,0,0,0,0,0,100,100,66.7,100,100,0,100,100,100,100,100,73.3,69.1,66.7,50,75,75,50,67,75,75,75,75,50,50,41.7,50,0,75,100,100,100,100,50,50,73.1,99.9,99.9,81.8,81.8,99.2,97.7,100,100,0,0,100,100,57.9,57.9,91.7,75,75,100,100,100,100,56.6,20.2,20.2,74.7,74.7,75,75,75.9,61.5,70.3,83.5,55.7,55.8,42.1,100,100,100,92.1,92.1,50,0,100
Estonia,2021,1.752149885,55.5,42.5,41.7,33.3,0,100,0,50,100,0,40.4,50,100,100,0,0,33.3,0,0,100,100,100,18.8,37.7,0,0,0,48,40,0,100,100,0,0,0,0,0,0,100,100,100,100,50,100,100,100,0,0,0,0,0,0,0,0,0,75,75,50,100,41.3,75,50,100,0,100,100,100,0,0,0,0,0,50,0,0,0,100,100,100,60,100,100,100,100,0,0,0,0,100,100,100,100,100,12.5,25,0,50,0,0,50,100,100,100,0,0,56.2,58.3,75,100,100,100,0,0,0,100,100,25,50,100,0,0,0,33.3,33.3,100,0,0,100,100,100,66.7,33.3,100,0,0,100,100,100,85,89.8,89.8,71.2,71.2,100,100,79.2,79.2,25,50,0,100,0,0,49.4,56.8,36.1,53.2,55.2,0,77.5,32.6,100,100,61.1,100,100,33.3,100,0,0,50,100,0,0,0,0,0,0,53.1,59.3,0,99.3,78.6,100,100,0,0,0,0,0,0,100,100,100,75,50,100,0,100,100,100,66.7,100,100,100,100,100,100,100,100,100,100,100,100,100,100,100,100,100,0,0,0,0,0,0,0,33.3,0,0,0,0,0,100,100,33.3,0,0,100,66.7,66.7,0,100,100,76.9,82,82.1,100,75,100,50,75,75,100,75,75,75,75,91.7,100,100,75,100,100,100,100,50,50,96.6,99.9,99.9,93.2,93.2,99.8,99.5,100,100,100,100,100,100,86.8,86.8,75,75,75,75,75,75,75,64.1,35.6,35.6,81.7,81.7,75,75,66.8,61.6,69.5,81.7,44.6,44.6,67.6,100,100,100,30.6,30.6,75,50,100
Israel ,2021,5.556752199,47.2,41.6,58.3,16.7,0,50,0,100,100,100,34.3,0,0,0,0,0,66.7,100,0,100,100,100,4.7,9.4,0,0,0,32,60,0,100,100,0,100,0,0,0,0,100,100,0,0,25,50,100,0,0,0,0,0,0,0,0,0,0,100,100,100,100,46.7,75,50,100,0,100,100,100,50,100,100,0,0,25,0,0,0,50,100,0,80,100,100,100,100,100,100,100,100,100,100,100,0,0,0,0,0,0,0,0,50,100,100,100,0,0,44.4,16.7,0,0,0,0,0,0,0,50,50,0,0,0,0,0,0,0,0,0,0,0,100,100,100,83.3,66.7,100,100,0,100,100,100,85.8,87.1,87.1,60.2,60.2,100,100,95.8,95.8,25,50,0,100,0,0,55.2,50.6,27.6,54.8,28,0,73.7,21,100,100,83.3,100,100,50,100,50,0,100,100,100,50,100,100,0,0,52.3,56.9,0,99,71.8,100,100,0,0,0,0,0,0,100,100,100,50,50,100,0,50,100,0,30.9,0,0,0,0,0,50,50,100,0,68.8,37.5,0,0,100,50,100,100,0,0,0,0,0,0,0,0,0,0,0,0,0,0,0,0,0,0,0,66.7,66.7,0,100,100,64.2,60.7,58.6,50,75,75,50,60,75,25,75,75,50,50,41.7,50,0,75,75,75,100,100,25,25,82.3,99.9,99.9,92.1,92.1,88.9,100,100,66.7,50,50,100,100,63.2,63.2,75,50,50,75,75,100,100,26.1,8.7,8.7,69.7,69.7,0,0,76.8,71.8,82,95.2,67.5,55,59.3,100,100,100,35.6,35.6,100,100,100
Slovenia ,2021,2.13938308,67.8,65.7,83.3,66.7,100,100,0,100,100,100,37.6,75,100,100,100,0,100,100,100,100,0,0,13,26,0,0,0,48,40,0,100,0,0,100,0,0,0,0,100,100,100,100,100,100,100,100,100,100,50,100,100,100,100,0,0,75,75,50,100,70.8,87.5,75,100,50,100,100,100,100,100,100,100,100,12.5,25,50,0,0,0,0,100,100,100,100,100,100,100,100,100,100,100,100,100,100,25,50,0,100,0,0,100,100,100,100,100,100,59.9,58.3,75,100,100,100,0,0,0,100,100,25,50,100,0,0,0,33.3,33.3,100,0,0,100,100,100,100,100,100,100,100,100,100,100,77.7,83.4,83.4,57,57,95.5,95.5,75,75,25,50,0,100,0,0,72.8,52.9,28.6,36.5,49.3,0,77.2,31.6,100,100,66.7,100,100,50,100,50,0,50,100,0,100,100,100,100,100,64.9,94.8,100,99.8,84.7,100,100,0,0,50,50,100,0,100,100,100,75,50,100,0,100,100,100,63.9,50,0,0,100,100,100,100,100,100,100,100,100,100,100,100,100,100,25,50,100,0,0,0,0,41.7,0,0,0,0,0,100,100,66.7,0,100,100,66.7,66.7,0,100,100,73.4,78.4,65.7,50,75,75,25,60,75,100,75,75,50,50,83.3,100,75,75,100,100,100,100,75,75,74.3,99.6,99.6,96,96,100,100,100,100,0,0,50,50,100,100,83.3,75,75,75,75,100,100,66.7,52.1,52.1,72.9,72.9,75,75,64.4,68.4,78.1,90,44,60.7,69.3,100,100,100,39.3,39.3,50,0,100
Latvia,2021,0.691393792,61.9,51.6,83.3,66.7,100,100,0,100,100,100,28,50,100,0,100,0,66.7,100,0,100,0,0,23.2,44.4,2.1,0,0,48,40,100,0,0,0,100,0,0,0,0,100,100,100,100,50,100,100,100,0,0,0,0,0,0,0,0,0,100,100,100,100,77.1,87.5,75,100,50,100,100,100,50,100,100,0,0,75,50,100,0,100,100,100,100,100,100,100,100,100,100,100,100,100,100,100,100,100,50,50,0,100,50,50,100,100,100,100,100,100,51.2,58.3,75,100,100,0,100,0,0,100,100,25,50,100,0,0,0,0,0,0,0,0,100,100,100,66.7,33.3,100,0,0,100,100,100,83.2,86.4,86.4,50.5,50.5,100,100,95.8,95.8,25,50,0,100,0,0,60.6,66.7,53.7,37.8,23.3,100,79.8,39.3,100,100,72.2,100,100,66.7,100,0,100,50,100,0,0,0,0,0,0,60.6,81.7,75,99.9,70.3,100,100,0,0,50,50,100,0,100,100,100,75,50,100,0,100,100,100,59.7,50,100,100,0,0,50,50,100,0,100,100,100,100,100,100,100,100,25,50,100,0,0,0,0,33.3,0,0,0,0,0,100,100,33.3,0,0,100,100,100,100,100,100,71.3,78.9,68.9,75,50,100,50,57,50,100,75,75,50,50,83.3,75,100,75,100,100,100,100,75,75,84.5,99.9,99.9,83.4,83.4,99.7,99.2,100,100,50,50,100,100,73.7,73.7,75,75,75,75,75,75,75,63.6,36.7,36.7,79.2,79.2,75,75,54.7,53.6,60,69.1,43.6,31.8,63.5,95.9,99.3,92.5,19.4,19.4,50,0,100
Lithuania ,2021,1.107803928,59.5,38.2,75,50,100,50,0,100,100,100,35.2,50,100,0,100,0,100,100,100,100,0,0,26.2,52.5,0,0,0,44,20,0,0,0,0,100,0,0,0,0,100,100,100,100,0,0,0,0,0,0,0,0,0,0,0,0,0,75,75,50,100,64.3,87.5,75,100,50,100,100,100,50,100,100,0,0,50,50,100,0,50,100,0,73.3,66.7,100,0,100,100,100,0,0,100,100,100,100,100,25,50,0,100,0,0,100,100,100,100,100,100,58.7,58.3,75,100,100,0,100,0,0,100,100,25,50,100,0,0,0,33.3,33.3,100,0,0,100,100,100,83.3,66.7,100,100,0,100,100,100,86,81.8,81.8,82.9,82.9,100,100,79.2,79.2,25,50,0,100,0,0,59.9,61.7,74.7,75.4,48.7,100,48.7,46.2,100,0,72.2,100,100,66.7,100,100,0,50,100,0,50,0,0,100,100,60.7,82,75,100,71.1,100,100,0,0,0,0,0,0,100,100,100,75,50,100,0,100,100,100,62.5,50,100,100,0,0,100,100,100,100,100,100,100,100,100,100,100,100,25,50,100,0,0,0,0,33.3,0,0,0,0,0,100,100,33.3,0,0,100,66.7,66.7,0,100,100,73.3,77.1,72.9,75,50,100,50,60,75,100,75,75,75,75,66.7,75,50,75,100,100,100,100,50,50,84.9,99.7,99.7,89.1,89.1,99.3,98,100,100,50,50,100,100,71.1,71.1,83.3,100,100,75,75,75,75,63.6,37,37,78.8,78.8,75,75,57.4,57.9,62.5,72.3,44.1,51.7,58.9,95.7,97.5,93.9,26.1,26.1,50,0,100